,Acc,F1,Size(MB),InfTime(ms)
resnet50,0.995,0.9948228480320234,90.04211902618408,8.96200180053711
inception_v3,0.9866666666666667,0.9866486352195651,93.28098392486572,15.80564022064209
mobilenet_v2,0.9966666666666667,0.9965826448707606,8.75733470916748,6.357729434967041
